lon,lat,psi,u,v,r,id
-73.9656,40.5427,1.5708,3,-1.51844e-07,-7.09437e-08,4521
-73.9656,40.5427,1.5708,3,-1.51844e-07,-7.09437e-08,4521
-73.9462,40.5336,-1.82456e-07,3,1.01974e-07,3.38151e-08,4225
-73.9438,40.553,2.0944,3,-0.00538205,-2.36474e-07,3359
-73.9565,40.5498,1.5708,3,-7.70276e-08,-3.41401e-08,4384
-73.9565,40.5498,1.5708,3,-7.70276e-08,-3.41401e-08,4384
-73.955,40.5303,-1.0472,3,0.00538171,6.93965e-08,4635
-73.9533,40.5519,1.5708,3,0.000251227,8.16397e-08,4345
-73.9472,40.5322,-3.31687e-07,3,2.80829e-07,1.21225e-07,4228
-73.9465,40.5319,-0.523599,3,0.00538171,6.62988e-08,2837
-73.9697,40.5363,2.0944,3,-0.000251162,-3.88065e-08,3228
-73.9697,40.5363,2.0944,3,-0.000251162,-3.88065e-08,3228
-73.9483,40.5308,-2.73866e-07,3,1.57102e-07,6.14245e-08,4231
-73.9465,40.5319,-0.523599,3,0.00538171,6.62988e-08,2837
-73.9514,40.5303,-1.51483e-07,3,1.18888e-07,4.99339e-08,4348
-73.9525,40.5289,-1.7243e-07,3,1.2615e-07,5.81889e-08,4343
-73.9535,40.5275,-1.5964e-07,3,4.42137e-07,2.13609e-07,4340
-73.9531,40.5292,-0.523599,3,0.000251493,1.96059e-07,2898
-73.952,40.5306,-0.523599,3,0.000251665,2.79827e-07,2904
-73.9509,40.532,-0.523599,3,0.000251754,3.22955e-07,2913
-73.9596,40.5447,2.0944,3,-0.000251702,-3.04808e-07,3062
-73.9596,40.5447,2.0944,3,-0.000251702,-3.04808e-07,3062
-73.9499,40.5334,-0.523599,3,0.00025141,1.54865e-07,2937
-73.9417,40.5562,1.5708,3,-0.00538137,-1.103e-07,4666
-73.9543,40.5501,2.0944,3,-0.000251377,-1.39144e-07,3003
-73.957,40.5254,-0.523599,3,0.0053818,1.15402e-07,3037
-73.957,40.5254,-0.523599,3,0.0053818,1.15402e-07,3037
-73.9615,40.5439,2.0944,3,-0.000251527,-2.19111e-07,3089
-73.9615,40.5439,2.0944,3,-0.000251527,-2.19111e-07,3089
-73.9376,40.5602,1.0472,3,1.0192e-07,3.39353e-08,5647
-73.956,40.5521,1.5708,3,-3.49446e-07,-1.55031e-07,4319
-73.956,40.5521,1.5708,3,-3.49446e-07,-1.55031e-07,4319
-73.9494,40.5294,-3.39491e-08,3,2.87819e-07,1.2358e-07,4307
-73.9546,40.5261,-1.44211e-07,3,1.01886e-07,4.41048e-08,4409
-73.9542,40.5278,-0.523599,3,0.000251739,3.16081e-07,2952
-73.9729,40.5316,2.0944,3,-1.24902e-05,-9.81785e-08,3387
-73.9462,40.5478,2.0944,3,-0.000251815,-3.59882e-07,3588
-73.9462,40.5478,2.0944,3,-0.000251815,-3.59882e-07,3588
-73.9562,40.5493,2.0944,3,-0.000252165,-5.24013e-07,3012
-73.9542,40.5529,1.0472,3,0.00538201,2.13604e-07,5506
-73.9634,40.5431,2.0944,3,-0.000251146,-3.3814e-08,3137
-73.9634,40.5431,2.0944,3,-0.000251146,-3.3814e-08,3137
-73.9557,40.5488,1.5708,3,0.00538133,8.95913e-08,4469
-73.9557,40.5488,1.5708,3,0.00538133,8.95913e-08,4469
-73.9665,40.5409,2.0944,3,-0.00538203,-2.25241e-07,3311
-73.947,40.5484,2.0944,3,-0.00025175,-3.28376e-07,3503
-73.947,40.5484,2.0944,3,-0.00025175,-3.28376e-07,3503
-73.9213,40.5656,0.523598,3,1.28849e-07,6.16247e-08,5820
-73.9559,40.5267,-7.10931e-08,3,-0.00538156,-2.03702e-07,4367
-73.9548,40.5281,-6.66636e-08,3,-0.00538138,-1.13952e-07,4379
-73.9602,40.5481,1.5708,3,-5.81628e-07,-2.81693e-07,4505
-73.9602,40.5481,1.5708,3,-5.81628e-07,-2.81693e-07,4505
-73.9612,40.5463,2.0944,3,-0.00538205,-2.35981e-07,3221
-73.9726,40.5313,2.61799,3,-0.00538209,-8.26177e-08,2013
-73.9665,40.5409,2.0944,3,-0.00538203,-2.25241e-07,3311
-73.9612,40.5463,2.0944,3,-0.00538205,-2.35981e-07,3221
-73.94,40.5571,1.0472,3,1.29413e-05,3.19624e-07,5859
-73.9585,40.549,1.0472,3,0.00538204,2.3251e-07,5690
-73.9641,40.5232,-1.0472,3,0.00538209,8.19321e-08,1825
-73.94,40.5571,1.0472,3,1.29413e-05,3.19624e-07,5859
-73.9576,40.548,1.5708,3,0.00538133,8.90347e-08,4514
-73.9576,40.548,1.5708,3,0.00538133,8.90347e-08,4514
-73.9409,40.5368,-3.56936e-07,3,7.29966e-07,6.07428e-08,4246
-73.942,40.5354,-3.57204e-07,3,7.70101e-07,7.87579e-08,4252
-73.9451,40.5492,2.0944,3,-0.000251412,-1.56239e-07,3605
-73.9424,40.5393,-0.523599,3,0.00538199,2.03926e-07,3028
-73.954,40.5316,-0.523599,3,0.000251616,2.62849e-07,3134
-73.943,40.534,-4.28e-07,3,6.83655e-07,3.29374e-08,4264
-73.954,40.5316,-0.523599,3,0.000251616,2.62849e-07,3134
-73.9391,40.5379,-0.523599,3,0.00538199,3.2397e-08,2810
-73.9402,40.5365,-0.523599,3,0.00538199,3.23903e-08,2819
-73.9294,40.5436,0.523598,3,1.6966e-07,7.92471e-08,5195
-73.9305,40.5422,0.523599,3,-1.29917e-07,-6.16741e-08,5214
-73.9424,40.5393,-0.523599,3,0.00538199,2.03926e-07,3028
-73.953,40.533,-0.523599,3,0.000251818,3.61286e-07,3158
-73.953,40.533,-0.523599,3,0.000251818,3.61286e-07,3158
-73.9583,40.526,-0.523599,3,0.000251161,4.0725e-08,3056
-73.9572,40.5274,-0.523599,3,0.000251211,6.53656e-08,3086
-73.9572,40.5274,-0.523599,3,0.000251211,6.53656e-08,3086
-73.9562,40.5288,-0.523599,3,0.0002512,5.99886e-08,3152
-73.9651,40.5395,2.61799,3,-0.00538209,-8.05474e-08,1979
-73.9594,40.5471,1.5708,3,0.00538137,1.10164e-07,4547
-73.9594,40.5471,1.5708,3,0.00538137,1.10164e-07,4547
-73.9562,40.5288,-0.523599,3,0.0002512,5.99886e-08,3152
-73.9648,40.5417,1.5708,3,0.00025111,2.43275e-08,4796
-73.9548,40.5478,2.0944,3,-0.000251342,-1.29231e-07,3271
-73.9548,40.5478,2.0944,3,-0.000251342,-1.29231e-07,3271
-73.9687,40.5377,2.0944,3,-0.000251146,-3.09092e-08,3353
-73.9687,40.5377,2.0944,3,-0.000251146,-3.09092e-08,3353
-73.9435,40.5379,-0.523599,3,0.00538198,2.03068e-07,3070
-73.9413,40.5351,-0.523598,3,0.00538199,3.24205e-08,2882
-73.9445,40.5365,-0.523599,3,0.00538198,2.02458e-07,3064
-73.9594,40.5246,-0.523599,3,0.000251219,6.91537e-08,3146
-73.9594,40.5246,-0.523599,3,0.000251219,6.91537e-08,3146
-73.9435,40.5379,-0.523599,3,0.00538198,2.03068e-07,3070
-73.9445,40.5365,-0.523599,3,0.00538198,2.02458e-07,3064
-73.9523,40.548,1.5708,3,0.00538176,1.04114e-07,4798
-73.9567,40.5469,2.0944,3,-0.000251156,-3.81685e-08,3277
-73.9567,40.5469,2.0944,3,-0.000251156,-3.81685e-08,3277
-73.9459,40.5498,2.0944,3,-0.000251146,-3.37658e-08,3602
-73.9459,40.5498,2.0944,3,-0.000251146,-3.37658e-08,3602
-73.9626,40.5449,1.5708,3,-2.97438e-07,-1.44048e-07,4743
-73.9626,40.5449,1.5708,3,-2.97438e-07,-1.44048e-07,4743
-73.9719,40.533,2.0944,3,-1.24248e-05,-6.72131e-08,3479
-73.9437,40.5399,-0.523599,3,0.000251425,1.62579e-07,3059
-73.9448,40.5385,-0.523599,3,0.000251476,1.87415e-07,3041
-73.9715,40.5327,2.61799,3,-0.00538199,-3.24126e-08,2154
-73.9585,40.5461,2.0944,3,-0.000251146,-3.35456e-08,3286
-73.9585,40.5461,2.0944,3,-0.000251146,-3.35456e-08,3286
-73.9645,40.5441,1.5708,3,-1.30834e-07,-6.19461e-08,4780
-73.9456,40.535,-0.523599,3,0.00538198,2.02161e-07,3181
-73.9477,40.5322,-0.523599,3,0.00538198,2.02762e-07,3163
-73.9456,40.535,-0.523599,3,0.00538198,2.02161e-07,3181
-73.9488,40.5308,-0.523599,3,0.00538199,2.07306e-07,3169
-73.9467,40.5336,-0.523599,3,0.00538199,2.0403e-07,3175
-73.9698,40.5387,1.5708,3,-2.44552e-07,-1.18223e-07,4841
-73.9441,40.5325,0.523599,3,-0.005382,-2.09445e-07,5713
-73.9477,40.5322,-0.523599,3,0.00538198,2.02762e-07,3163
-73.954,40.5525,2.0944,3,-0.00538176,-9.2405e-08,3217
-73.9488,40.5308,-0.523599,3,0.00538199,2.07306e-07,3169
-73.9459,40.5371,-0.523599,3,0.000251157,3.03856e-08,3149
-73.9604,40.5453,2.0944,3,-0.000251308,-1.12257e-07,3307
-73.9469,40.5357,-0.523599,3,0.000251257,7.88022e-08,3131
-73.9604,40.5453,2.0944,3,-0.000251308,-1.12257e-07,3307
-73.954,40.5525,2.0944,3,-0.00538176,-9.2405e-08,3217
-73.9266,40.5624,-3.48761e-07,3,0.00538207,2.46932e-07,5399
-73.9655,40.5423,2.0944,3,-0.00538204,-2.29707e-07,3519
-73.9407,40.5576,1.5708,3,-0.00538205,-2.45559e-07,4884
-73.9623,40.5445,2.0944,3,-0.00025115,-3.53535e-08,3337
-73.9623,40.5445,2.0944,3,-0.00025115,-3.53535e-08,3337
-73.9554,40.5512,1.5708,3,-1.26294e-07,-5.77364e-08,4703
-73.9499,40.5294,-0.523599,3,0.00538203,2.27018e-07,3237
-73.9559,40.5517,2.0944,3,-0.00538198,-2.03224e-07,3251
-73.9499,40.5294,-0.523599,3,0.00538203,2.27018e-07,3237
-73.948,40.5342,-0.523599,3,0.000251383,1.42186e-07,3209
-73.9491,40.5328,-0.523599,3,0.000251388,1.44548e-07,3206
-73.9537,40.552,1.0472,3,0.00538205,2.33619e-07,5984
-73.9655,40.5423,2.0944,3,-0.00538204,-2.29707e-07,3519
-73.9502,40.5314,-0.523599,3,0.00025151,2.04336e-07,3200
-73.9559,40.5517,2.0944,3,-0.00538198,-2.03224e-07,3251
-73.9512,40.53,-0.523599,3,0.000251413,1.5707e-07,3188
-73.9551,40.5262,-0.523599,3,0.00538207,2.46506e-07,3346
-73.9496,40.5312,-2.54541e-07,3,3.678e-07,1.77028e-07,4697
-73.9449,40.5512,2.0944,3,-0.000251175,-4.79161e-08,3702
-73.9449,40.5512,2.0944,3,-0.000251175,-4.79161e-08,3702
-73.9506,40.5298,-3.25994e-07,3,1.72342e-07,8.14645e-08,4694
-73.9404,40.5383,-0.523599,3,0.00538171,6.54762e-08,3079
-73.9641,40.5409,2.61799,3,-0.00538204,-5.88837e-08,2095
-73.9414,40.5369,-0.523599,3,0.00538174,8.08646e-08,3091
-73.9404,40.5383,-0.523599,3,0.00538171,6.54762e-08,3079
-73.9622,40.524,-1.0472,3,0.00538209,8.19462e-08,2008
-73.9546,40.5502,1.5708,3,0.00538158,2.13193e-07,4729
-73.9425,40.5355,-0.523599,3,0.00538171,6.78991e-08,3100
-73.9657,40.5399,2.0944,3,-0.000251162,-3.91355e-08,3524
-73.9657,40.5399,2.0944,3,-0.000251162,-3.91355e-08,3524
-73.9551,40.5262,-0.523599,3,0.00538207,2.46506e-07,3346
-73.9414,40.5369,-0.523599,3,0.00538174,8.08646e-08,3091
-73.95,40.5352,-0.523599,3,0.000251355,1.35469e-07,3344
-73.95,40.5352,-0.523599,3,0.000251355,1.35469e-07,3344
-73.9436,40.5341,-0.523599,3,0.00538169,6.03301e-08,3112
-73.9425,40.5355,-0.523599,3,0.00538171,6.78991e-08,3100
-73.9436,40.5341,-0.523599,3,0.00538169,6.03301e-08,3112
-73.9537,40.5492,2.0944,3,-0.000251384,-1.42751e-07,3427
-73.9708,40.5344,2.0944,3,-1.25356e-05,-1.1792e-07,3657
-73.9573,40.5503,1.5708,3,-7.90505e-08,-3.47355e-08,4774
-73.9551,40.5507,2.0944,3,-0.000251377,-1.39062e-07,3256
-73.9429,40.5474,2.0944,3,-0.0053817,-6.22579e-08,4220
-73.9676,40.5391,2.0944,3,-0.000251168,-4.16924e-08,3527
-73.9676,40.5391,2.0944,3,-0.000251168,-4.16924e-08,3527
-73.9429,40.5474,2.0944,3,-0.0053817,-6.22579e-08,4220
-73.9705,40.5341,2.61799,3,-0.00538209,-8.26906e-08,2241
-73.9602,40.5477,2.0944,3,-0.00538205,-2.37495e-07,3449
-73.9322,40.5425,-4.2307e-07,3,0.000251481,1.89131e-07,4243
-73.9443,40.5344,-2.48759e-07,3,1.79935e-07,7.19436e-08,4617
-73.9442,40.553,1.5708,3,-1.6998e-07,-7.95209e-08,5143
-73.9344,40.5397,-5.21363e-07,3,0.000251226,6.97091e-08,4282
-73.9344,40.5397,-5.21363e-07,3,0.000251226,6.97091e-08,4282
-73.9273,40.5657,1.0472,3,-1.24489e-05,-7.79198e-08,6018
-73.9273,40.5657,1.0472,3,-1.24489e-05,-7.79198e-08,6018
-73.9273,40.5657,1.0472,3,-1.24489e-05,-7.79198e-08,6018
-73.9273,40.5657,1.0472,3,-1.24489e-05,-7.79198e-08,6018
-73.9273,40.5657,1.0472,3,-1.24489e-05,-7.79198e-08,6018
-73.9291,40.5649,1.0472,3,-1.25127e-05,-1.08935e-07,6031
-73.9291,40.5649,1.0472,3,-1.25127e-05,-1.08935e-07,6031
-73.9291,40.5649,1.0472,3,-1.25127e-05,-1.08935e-07,6031
-73.9291,40.5649,1.0472,3,-1.25127e-05,-1.08935e-07,6031
-73.9708,40.5369,2.0944,3,-0.00538171,-7.02004e-08,3739
-73.9523,40.5286,-0.523599,3,0.00025187,3.79833e-07,3235
-73.9254,40.5665,1.0472,3,-1.24495e-05,-7.85807e-08,6004
-73.9254,40.5665,1.0472,3,-1.24495e-05,-7.85807e-08,6004
-73.9254,40.5665,1.0472,3,-1.24495e-05,-7.85807e-08,6004
-73.9254,40.5665,1.0472,3,-1.24495e-05,-7.85807e-08,6004
-73.9254,40.5665,1.0472,3,-1.24495e-05,-7.85807e-08,6004
-73.9254,40.5665,1.0472,3,-1.24495e-05,-7.85807e-08,6004
-73.9454,40.533,-4.00731e-07,3,2.05323e-07,7.86522e-08,4624
-73.9328,40.5633,1.0472,3,-1.26047e-05,-1.55374e-07,6076
-73.9328,40.5633,1.0472,3,-1.26047e-05,-1.55374e-07,6076
-73.9522,40.5324,-0.523599,3,0.000251154,3.75517e-08,3366
-73.9522,40.5324,-0.523599,3,0.000251154,3.75517e-08,3366
-73.9637,40.5431,1.5708,3,0.00025141,1.70907e-07,4956
-73.9464,40.5316,-3.58197e-07,3,4.64302e-07,2.11085e-07,4627
-73.9335,40.5429,-4.31343e-07,3,0.005382,3.64521e-08,4510
-73.9347,40.5625,1.0472,3,-1.2636e-05,-1.714e-07,6101
-73.9602,40.5477,2.0944,3,-0.00538205,-2.37495e-07,3449
-73.953,40.5289,-2.89527e-07,3,-0.00538132,-8.49151e-08,4701
-73.9236,40.5673,1.0472,3,-1.26039e-05,-1.54976e-07,5997
-73.9541,40.5275,-1.6807e-07,3,-0.00538143,-1.41606e-07,4690
-73.9236,40.5673,1.0472,3,-1.26039e-05,-1.54976e-07,5997
-73.9236,40.5673,1.0472,3,-1.26039e-05,-1.54976e-07,5997
-73.9236,40.5673,1.0472,3,-1.26039e-05,-1.54976e-07,5997
-73.9236,40.5673,1.0472,3,-1.26039e-05,-1.54976e-07,5997
-73.9236,40.5673,1.0472,3,-1.26039e-05,-1.54976e-07,5997
-73.9236,40.5673,1.0472,3,-1.26039e-05,-1.54976e-07,5997
-73.9565,40.5494,1.5708,3,0.00538133,9.02416e-08,4788
-73.9322,40.5425,-4.2307e-07,3,0.000251481,1.89131e-07,4243
-73.9528,40.5269,-1.06104e-07,3,2.24413e-07,1.03409e-07,4786
-73.9511,40.5338,-0.523599,3,0.000251319,1.18071e-07,3402
-73.9333,40.5411,-4.81993e-07,3,0.00025113,2.27675e-08,4296
-73.9333,40.5411,-4.81993e-07,3,0.00025113,2.27675e-08,4296
-73.9708,40.5369,2.0944,3,-0.00538171,-7.02004e-08,3739
-73.9355,40.5383,3.69737e-07,3,0.000251388,1.49031e-07,4328
-73.9592,40.5495,1.5708,3,-2.28968e-07,-1.08374e-07,4811
-73.9355,40.5383,3.69737e-07,3,0.000251388,1.49031e-07,4328
-73.9447,40.5327,-0.523599,3,0.0053817,6.13917e-08,3211
-73.957,40.5498,2.0944,3,-0.000251491,-1.94986e-07,3283
-73.9356,40.5401,-4.5035e-07,3,0.000251501,2.15707e-07,4412
-73.9217,40.5681,1.0472,3,-1.24284e-05,-6.83339e-08,5999
-73.9217,40.5681,1.0472,3,-1.24284e-05,-6.83339e-08,5999
-73.9217,40.5681,1.0472,3,-1.24284e-05,-6.83339e-08,5999
-73.9217,40.5681,1.0472,3,-1.24284e-05,-6.83339e-08,5999
-73.9217,40.5681,1.0472,3,-1.24284e-05,-6.83339e-08,5999
-73.9217,40.5681,1.0472,3,-1.24284e-05,-6.83339e-08,5999
-73.9217,40.5681,1.0472,3,-1.24284e-05,-6.83339e-08,5999
-73.9565,40.5268,-0.523599,3,0.000251263,9.06367e-08,3356
-73.9565,40.5268,-0.523599,3,0.000251263,9.06367e-08,3356
-73.9554,40.5282,-0.523599,3,0.00025127,9.40176e-08,3381
-73.9554,40.5282,-0.523599,3,0.00025127,9.40176e-08,3381
-73.9346,40.5415,-4.5623e-07,3,0.00538199,2.16229e-07,4565
-73.9543,40.5296,-0.523599,3,0.000251303,1.10312e-07,3399
-73.9543,40.5296,-0.523599,3,0.000251303,1.10312e-07,3399
-73.9346,40.5415,-4.5623e-07,3,0.00538199,2.16229e-07,4565
-73.9556,40.5483,2.0944,3,-0.000251211,-6.54485e-08,3461
-73.9556,40.5483,2.0944,3,-0.000251211,-6.54485e-08,3461
-73.9378,40.5372,-4.69606e-07,3,1.23916e-05,5.09461e-08,4479
-73.9378,40.5372,-4.69606e-07,3,1.23916e-05,5.09461e-08,4479
-73.9247,40.5632,-4.01411e-07,3,0.00538202,2.20716e-07,5465
-73.9367,40.5386,-4.95222e-07,3,1.28016e-05,2.51606e-07,4467
-73.9367,40.5386,-4.95222e-07,3,1.28016e-05,2.51606e-07,4467
-73.9475,40.5302,7.10467e-08,3,3.6622e-07,1.61873e-07,4718
-73.9549,40.5535,1.5708,3,-2.53228e-07,-1.07174e-07,4712
-73.931,40.5421,-6.24576e-07,3,0.00538202,2.2074e-07,4463
-73.9529,40.5458,2.61799,3,-0.00538209,-8.18623e-08,2344
-73.9321,40.5407,5.03044e-07,3,0.00538203,2.27869e-07,4511
-73.9576,40.5254,-0.523599,3,0.000251347,1.31518e-07,3411
-73.9576,40.5254,-0.523599,3,0.000251347,1.31518e-07,3411
-73.9311,40.5438,0.523598,3,-0.00538128,-6.72237e-08,5716
-73.9616,40.5463,1.5708,3,-3.56586e-07,-1.72243e-07,4944
-73.9575,40.5475,2.0944,3,-0.000251564,-2.37409e-07,3494
-73.9575,40.5475,2.0944,3,-0.000251564,-2.37409e-07,3494
-73.9688,40.5401,1.5708,3,-2.58949e-07,-1.24649e-07,5128
-73.9389,40.5358,2.7577e-07,3,1.27047e-05,2.04245e-07,4542
-73.9389,40.5358,2.7577e-07,3,1.27047e-05,2.04245e-07,4542
-73.9604,40.5229,-0.523599,3,0.00538185,1.3775e-07,3630
-73.9299,40.5435,-5.44162e-07,3,0.00538202,2.20428e-07,4499
-73.9581,40.5237,0,3,0,0,4932
-73.9604,40.5229,-0.523599,3,0.00538185,1.3775e-07,3630
-73.9634,40.5455,1.5708,3,-1.72066e-07,-8.26317e-08,5023
-73.9594,40.5467,2.0944,3,-0.000251309,-1.12829e-07,3542
-73.9594,40.5467,2.0944,3,-0.000251309,-1.12829e-07,3542
-73.9697,40.5358,2.0944,3,-1.24187e-05,-6.2495e-08,3775
-73.9694,40.5355,2.61799,3,-0.00538209,-8.23288e-08,2359
-73.9535,40.5516,2.0944,3,-0.005382,-2.09884e-07,3596
-73.9431,40.5545,1.5708,3,-2.10168e-07,-1.00153e-07,5261
-73.963,40.5423,2.61799,3,-0.00538209,-8.2705e-08,2269
-73.9429,40.5393,-0.523599,3,0.000251725,3.08853e-07,3396
-73.931,40.5421,-6.24576e-07,3,0.00538202,2.2074e-07,4463
-73.9647,40.5413,2.0944,3,-0.000251379,-1.45034e-07,3705
-73.9647,40.5413,2.0944,3,-0.000251379,-1.45034e-07,3705
-73.9535,40.5516,2.0944,3,-0.005382,-2.09884e-07,3596
-73.9644,40.5437,2.0944,3,-0.00538192,-1.72883e-07,3752
-73.9513,40.5319,-1.0472,3,0.00538171,6.56806e-08,5191
-73.945,40.5536,1.5708,3,-9.64208e-08,-4.40382e-08,5252
-73.9612,40.5459,2.0944,3,-0.000251388,-1.51513e-07,3569
-73.9612,40.5459,2.0944,3,-0.000251388,-1.51513e-07,3569
-73.9416,40.5387,-0.523599,3,0.00538198,2.0235e-07,3435
-73.9321,40.5407,5.03044e-07,3,0.00538203,2.27869e-07,4511
-73.9427,40.5373,-0.523599,3,0.00538198,2.02844e-07,3441
-73.9416,40.5387,-0.523599,3,0.00538198,2.0235e-07,3435
-73.9452,40.5512,2.0944,3,-0.00538194,-1.83201e-07,4056
-73.9427,40.5373,-0.523599,3,0.00538198,2.02844e-07,3441
-73.9644,40.5437,2.0944,3,-0.00538192,-1.72883e-07,3752
-73.9665,40.5405,2.0944,3,-0.000251145,-3.05182e-08,3720
-73.9665,40.5405,2.0944,3,-0.000251145,-3.05182e-08,3720
-73.9697,40.5383,2.0944,3,-0.00538184,-1.30767e-07,3883
-73.946,40.5389,-0.523599,3,0.000251806,3.5576e-07,3591
-73.9412,40.5348,-4.02192e-07,3,8.26567e-07,1.07652e-07,4761
-73.9401,40.5362,-3.9807e-07,3,9.04718e-07,1.44318e-07,4749
-73.9391,40.5376,-3.59551e-07,3,8.27199e-07,1.08114e-07,4737
-73.946,40.5389,-0.523599,3,0.000251806,3.5576e-07,3591
-73.9452,40.5512,2.0944,3,-0.00538194,-1.83201e-07,4056
-73.9608,40.5454,1.5708,3,0.00025141,1.69497e-07,5198
-73.9299,40.5435,-5.44162e-07,3,0.00538202,2.20428e-07,4499
-73.9604,40.5248,-1.0472,3,0.00538209,8.18885e-08,2215
-73.944,40.5379,-0.523599,3,0.000251418,1.59094e-07,3433
-73.9451,40.5365,-0.523599,3,0.000251461,1.8045e-07,3430
-73.9697,40.5383,2.0944,3,-0.00538184,-1.30767e-07,3883
-73.9438,40.5359,-0.523599,3,0.00538198,2.01672e-07,3481
-73.9459,40.5331,-0.523599,3,0.00538202,2.21437e-07,3496
-73.9448,40.5345,-0.523599,3,0.00538198,2.03142e-07,3487
-73.9438,40.5359,-0.523599,3,0.00538198,2.01672e-07,3481
-73.9482,40.5361,-0.523599,3,0.000251347,1.315e-07,3599
-73.9482,40.5361,-0.523599,3,0.000251347,1.315e-07,3599
-73.9626,40.5445,1.5708,3,0.000251167,5.22996e-08,5240
-73.947,40.5317,-0.523599,3,0.00538201,2.14718e-07,3505
-73.9471,40.5375,-0.523599,3,0.000251542,2.26722e-07,3628
-73.9471,40.5375,-0.523599,3,0.000251542,2.26722e-07,3628
-73.9448,40.5345,-0.523599,3,0.00538198,2.03142e-07,3487
-73.9383,40.5373,-0.523599,3,0.00538199,3.24178e-08,3261
-73.9396,40.559,1.5708,3,-0.00538198,-2.01718e-07,5204
-73.9459,40.5331,-0.523599,3,0.00538202,2.21437e-07,3496
-73.9373,40.5387,-0.523599,3,0.00538199,3.23745e-08,3258
-73.947,40.5317,-0.523599,3,0.00538201,2.14718e-07,3505
-73.9423,40.5334,1.73142e-07,3,8.32789e-07,1.08552e-07,4805
-73.9469,40.5456,2.61799,3,-0.00538209,-8.24868e-08,2836
-73.9544,40.5526,1.5708,3,-1.68678e-07,-7.94116e-08,5038
-73.9462,40.535,-0.523599,3,0.000251414,1.57308e-07,3467
-73.9533,40.527,-0.523599,3,0.00538203,2.24392e-07,3674
-73.9473,40.5336,-0.523599,3,0.000251327,1.1382e-07,3464
-73.9483,40.5322,-0.523599,3,0.000251753,3.22458e-07,3458
-73.9494,40.5308,-0.523599,3,0.000251466,1.82559e-07,3455
-73.9503,40.5332,-0.523599,3,0.000251331,1.23509e-07,3637
-73.9503,40.5332,-0.523599,3,0.000251331,1.23509e-07,3637
-73.9493,40.5346,-0.523599,3,0.000251136,2.88461e-08,3654
-73.9493,40.5346,-0.523599,3,0.000251136,2.88461e-08,3654
-73.9533,40.527,-0.523599,3,0.00538203,2.24392e-07,3674
-73.9229,40.564,-4.1427e-07,3,0.00538203,2.25649e-07,5649
-73.9628,40.5221,-0.523599,3,0.000251388,1.50491e-07,3714
-73.9628,40.5221,-0.523599,3,0.000251388,1.50491e-07,3714
-73.9394,40.5359,-0.523598,3,0.00538199,3.23873e-08,3303
-73.9591,40.5491,2.0944,3,-0.00538209,-2.52201e-07,3741
-73.9481,40.5302,-0.523599,3,0.00538198,2.02496e-07,3574
-73.9441,40.5527,2.0944,3,-0.00538186,-1.44297e-07,4108
-73.9459,40.5518,2.0944,3,-0.00538195,-1.86381e-07,4091
-73.9548,40.5531,2.0944,3,-0.00538198,-2.00438e-07,3581
-73.9477,40.532,-1.9496e-07,3,3.75275e-07,1.81193e-07,5082
-73.9687,40.5372,2.0944,3,-1.24389e-05,-7.25825e-08,3931
-73.9683,40.5369,2.61799,3,-0.00538209,-8.25804e-08,2522
-73.9545,40.5497,2.0944,3,-0.000251288,-1.02652e-07,3711
-73.9545,40.5497,2.0944,3,-0.000251288,-1.02652e-07,3711
-73.9488,40.5306,-4.13708e-07,3,6.9269e-07,3.3579e-07,5085
-73.9481,40.5302,-0.523599,3,0.00538198,2.02496e-07,3574
-73.9555,40.5508,1.5708,3,0.00538122,3.86907e-08,5063
-73.9467,40.5476,2.61799,3,-0.00538197,-2.33129e-08,2722
-73.9548,40.5531,2.0944,3,-0.00538198,-2.00438e-07,3581
-73.9498,40.5292,-2.68732e-07,3,2.45742e-07,1.16292e-07,5093
-73.9591,40.5491,2.0944,3,-0.00538209,-2.52201e-07,3741
-73.9441,40.5527,2.0944,3,-0.00538186,-1.44297e-07,4108
-73.9184,40.5678,0.523598,3,1.30658e-05,3.80641e-07,6123
-73.9562,40.5517,1.5708,3,-8.21408e-07,-3.99475e-07,5116
-73.9459,40.5518,2.0944,3,-0.00538195,-1.86381e-07,4091
-73.9719,40.5351,2.0944,3,-0.000251366,-1.39811e-07,3965
-73.9719,40.5351,2.0944,3,-0.000251366,-1.39811e-07,3965
-73.9562,40.5517,1.5708,3,-8.21408e-07,-3.99475e-07,5116
-73.9586,40.5486,1.5708,3,-3.42251e-07,-1.65716e-07,5217
-73.9677,40.5415,1.5708,3,-2.86401e-07,-1.36889e-07,5367
-73.9546,40.5276,-0.523599,3,0.00025132,1.18521e-07,3651
-73.9546,40.5276,-0.523599,3,0.00025132,1.18521e-07,3651
-73.9512,40.5298,-3.07007e-07,3,-0.00538142,-1.34714e-07,5015
-73.9536,40.529,-0.523599,3,0.000251283,1.00155e-07,3666
-73.942,40.5559,1.5708,3,-0.00538134,-9.65779e-08,5561
-73.9525,40.5304,-0.523599,3,0.000251362,1.39041e-07,3672
-73.9525,40.5304,-0.523599,3,0.000251362,1.39041e-07,3672
-73.9581,40.5509,1.5708,3,-0.00538124,-4.53675e-08,5227
-73.9505,40.5294,-0.523599,3,0.000251281,9.26344e-08,3545
-73.9617,40.5435,2.0944,3,-0.000251252,-8.28837e-08,3831
-73.9617,40.5435,2.0944,3,-0.000251252,-8.28837e-08,3831
-73.9585,40.5238,-0.523599,3,0.00538202,2.19224e-07,3819
-73.9564,40.5489,2.0944,3,-0.000251203,-6.12241e-08,3745
-73.9564,40.5489,2.0944,3,-0.000251203,-6.12241e-08,3745
-73.9559,40.5512,2.0944,3,-0.000251287,-9.47598e-08,3585
-73.9573,40.5499,1.5708,3,0.00538161,2.29654e-07,5136
-73.962,40.5437,2.61799,3,-0.00538196,-2.01838e-08,2442
-73.9585,40.5238,-0.523599,3,0.00538202,2.19224e-07,3819
-73.9636,40.5427,2.0944,3,-0.000251161,-3.86419e-08,3864
-73.9636,40.5427,2.0944,3,-0.000251161,-3.86419e-08,3864
-73.9509,40.5277,-9.44564e-08,3,2.16715e-07,1.01999e-07,5150
-73.9605,40.5477,1.5708,3,-2.25502e-07,-1.09026e-07,5312
-73.9557,40.5262,-0.523599,3,0.000251139,2.99856e-08,3693
-73.9557,40.5262,-0.523599,3,0.000251139,2.99856e-08,3693
-73.9562,40.5245,-1.88829e-07,3,2.98464e-07,1.44269e-07,5264
-73.9583,40.5481,2.0944,3,-0.000251283,-1.00191e-07,3769
-73.9583,40.5481,2.0944,3,-0.000251283,-1.00191e-07,3769
-73.9655,40.5419,2.0944,3,-0.000251145,-3.04447e-08,3888
-73.9655,40.5419,2.0944,3,-0.000251145,-3.04447e-08,3888
-73.9439,40.555,1.5708,3,-1.10247e-07,-5.13895e-08,5475
-73.9385,40.5391,-0.523599,3,0.0053817,6.40992e-08,3529
-73.9687,40.5397,2.0944,3,-0.00538206,-2.39003e-07,4065
-73.9396,40.5377,-0.523599,3,0.00538176,9.25883e-08,3535
-73.9407,40.5363,-0.523599,3,0.00538169,5.93681e-08,3550
-73.9417,40.5349,-0.523599,3,0.00538171,6.58415e-08,3562
-73.9385,40.5391,-0.523599,3,0.0053817,6.40992e-08,3529
-73.9396,40.5377,-0.523599,3,0.00538176,9.25883e-08,3535
-73.9425,40.5352,-2.84588e-07,3,4.53802e-07,2.05391e-07,5073
-73.9407,40.5363,-0.523599,3,0.00538169,5.93681e-08,3550
-73.9456,40.549,2.61799,3,-0.00538209,-8.22701e-08,2833
-73.9417,40.5349,-0.523599,3,0.00538171,6.58415e-08,3562
-73.9435,40.5338,-3.83858e-07,3,2.41342e-07,1.01915e-07,5088
-73.9446,40.5324,-3.91332e-07,3,3.49658e-07,1.55058e-07,5099
-73.9634,40.5451,2.0944,3,-0.00538206,-2.40553e-07,3978
-73.9624,40.5469,1.5708,3,-9.47253e-08,-3.81946e-08,5355
-73.9687,40.5397,2.0944,3,-0.00538206,-2.39003e-07,4065
-73.9602,40.5473,2.0944,3,-0.00025121,-6.49247e-08,3782
-73.9602,40.5473,2.0944,3,-0.00025121,-6.49247e-08,3782
-73.9634,40.5451,2.0944,3,-0.00538206,-2.40553e-07,3978
-73.9514,40.5279,-1.0472,3,0.00538199,3.23534e-08,5411
-73.9597,40.5468,1.5708,3,0.000251292,1.13534e-07,5483
-73.9428,40.5335,-0.523599,3,0.00538173,7.9378e-08,3615
-73.9428,40.5335,-0.523599,3,0.00538173,7.9378e-08,3615
-73.9585,40.5256,-1.0472,3,0.00538209,8.24037e-08,2452
-73.9457,40.531,9.54979e-08,3,2.28655e-07,9.56917e-08,5156
-73.9657,40.5216,-1.0472,3,0.00538207,7.37793e-08,2544
-73.9673,40.5383,2.61799,3,-0.00538199,-3.2413e-08,2643
-73.9676,40.5386,2.0944,3,-1.23979e-05,-4.9128e-08,4070
-73.9539,40.5549,1.5708,3,-2.33304e-07,-9.33191e-08,5145
-73.9449,40.5532,2.0944,3,-0.00538208,-2.51601e-07,4209
-73.9616,40.5459,1.5708,3,0.000251224,7.96889e-08,5546
-73.9708,40.5365,2.0944,3,-0.000251171,-4.31086e-08,4093
-73.9708,40.5365,2.0944,3,-0.000251171,-4.31086e-08,4093
-73.9435,40.5474,2.0944,3,-0.000251225,-6.41965e-08,4642
-73.961,40.523,-0.523599,3,0.000251366,1.38325e-07,3894
-73.961,40.523,-0.523599,3,0.000251366,1.38325e-07,3894
-73.9449,40.5532,2.0944,3,-0.00538208,-2.51601e-07,4209
-73.9652,40.5213,-0.523599,3,1.2344e-05,2.52068e-08,4014
-73.9652,40.5213,-0.523599,3,1.2344e-05,2.52068e-08,4014
-73.9543,40.5522,2.0944,3,-0.00538206,-2.38007e-07,3915
-73.9238,40.5669,1.5708,3,-0.00538199,-3.2405e-08,5704
-73.9256,40.5661,1.5708,3,-0.00538199,-3.23264e-08,5657
-73.9463,40.5369,-0.523599,3,0.000251148,3.43315e-08,3828
-73.9453,40.5383,-0.523599,3,0.00025126,8.92822e-08,3843
-73.9275,40.5653,1.5708,3,-0.00538211,-9.19218e-08,5606
-73.9543,40.5522,2.0944,3,-0.00538206,-2.38007e-07,3915
-73.9293,40.5645,1.5708,3,-0.00538199,-3.23376e-08,5564
-73.9312,40.5637,1.5708,3,-0.00538199,-3.23796e-08,5544
-73.933,40.5629,1.5708,3,-0.00538199,-3.23747e-08,5532
-73.9348,40.5621,1.5708,3,-0.00538218,-1.25785e-07,5523
-73.9607,40.5449,2.0944,3,-0.000251136,-2.63777e-08,4043
-73.9607,40.5449,2.0944,3,-0.000251136,-2.63777e-08,4043
-73.9367,40.5613,1.5708,3,-0.00538199,-3.24389e-08,5520
-73.9422,40.5387,-0.523599,3,0.000251569,2.33038e-07,3760
-73.9433,40.5373,-0.523599,3,0.000251375,1.38135e-07,3763
-73.9408,40.5381,-0.523599,3,0.00538202,2.21557e-07,3798
-73.9398,40.5395,-0.523599,3,0.00538202,2.20165e-07,3784
-73.9666,40.5429,1.5708,3,-4.79569e-07,-2.32968e-07,5706
-73.9462,40.5494,2.0944,3,-0.000251136,-2.64416e-08,4421
-73.9398,40.5395,-0.523599,3,0.00538202,2.20165e-07,3784
-73.9474,40.5354,-0.523599,3,0.000251333,1.25142e-07,3897
-73.9474,40.5354,-0.523599,3,0.000251333,1.25142e-07,3897
-73.9485,40.534,-0.523599,3,0.000251773,3.39644e-07,3891
-73.9408,40.5381,-0.523599,3,0.00538202,2.21557e-07,3798
-73.9485,40.534,-0.523599,3,0.000251773,3.39644e-07,3891
-73.941,40.5573,1.5708,3,-0.005382,-2.18723e-07,5860
-73.9609,40.5451,2.61799,3,-0.00538209,-8.22184e-08,2624
-73.92,40.5663,-3.63902e-07,3,0.0053822,1.33267e-07,5769
-73.9546,40.5274,-0.523599,3,0.00538204,2.28148e-07,4051
-73.9625,40.5441,2.0944,3,-0.000251149,-3.24125e-08,4058
-73.9625,40.5441,2.0944,3,-0.000251149,-3.24125e-08,4058
-73.941,40.5573,1.5708,3,-0.005382,-2.18723e-07,5860
-73.9535,40.5288,-0.523599,3,0.00538208,2.51389e-07,4060
-73.936,40.5381,-4.96329e-07,3,1.25518e-05,1.29639e-07,5000
-73.9338,40.5409,-4.45851e-07,3,0.000251354,1.32741e-07,4953
-73.9546,40.5274,-0.523599,3,0.00538204,2.28148e-07,4051
-73.9535,40.5288,-0.523599,3,0.00538208,2.51389e-07,4060
-73.9386,40.5604,1.5708,3,-0.00538199,-2.0724e-07,5648
-73.9349,40.5395,-4.82463e-07,3,1.25872e-05,1.46915e-07,5017
-73.9443,40.5359,-0.523599,3,0.000251465,1.82146e-07,3793
-73.9428,40.5565,1.5708,3,-0.00538132,-8.46026e-08,5878
-73.9419,40.5367,-0.523599,3,0.00538198,2.02488e-07,3833
-73.9676,40.5411,2.0944,3,-0.00538202,-2.21588e-07,4277
-73.9454,40.5345,-0.523599,3,0.000251526,2.11922e-07,3796
-73.9326,40.5405,-5.53454e-07,3,0.000251157,3.60001e-08,4874
-73.9644,40.5433,2.0944,3,-0.000251138,-2.71159e-08,4084
-73.9644,40.5433,2.0944,3,-0.000251138,-2.71159e-08,4084
-73.9554,40.5503,2.0944,3,-0.000251559,-2.35023e-07,3992
-73.9554,40.5503,2.0944,3,-0.000251559,-2.35023e-07,3992
-73.9465,40.5331,-0.523599,3,0.000251388,1.44467e-07,3805
-73.9507,40.5312,-0.523599,3,0.000251638,2.73495e-07,3943
-73.9507,40.5312,-0.523599,3,0.000251638,2.73495e-07,3943
-73.9441,40.5339,-0.523599,3,0.00538198,2.02073e-07,3851
-73.9517,40.5298,-0.523599,3,0.000251449,1.81456e-07,3934
-73.9517,40.5298,-0.523599,3,0.000251449,1.81456e-07,3934
-73.943,40.5353,-0.523599,3,0.00538199,2.05588e-07,3845
-73.9419,40.5367,-0.523599,3,0.00538198,2.02488e-07,3833
-73.9327,40.5423,-4.11232e-07,3,0.00538199,2.04137e-07,5164
-73.9528,40.5284,-0.523599,3,0.00025126,8.87244e-08,3919
-73.9528,40.5284,-0.523599,3,0.00025126,8.87244e-08,3919
-73.958,40.5505,2.0944,3,-0.00538201,-2.16549e-07,4021
-73.9475,40.5317,-0.523599,3,0.000251389,1.4409e-07,3808
-73.9451,40.5325,-0.523599,3,0.00538198,2.03194e-07,3866
-73.943,40.5353,-0.523599,3,0.00538199,2.05588e-07,3845
-73.937,40.5366,2.78018e-07,3,1.2797e-05,2.48998e-07,5107
-73.958,40.5505,2.0944,3,-0.00538201,-2.16549e-07,4021
-73.9567,40.5246,-0.523599,3,0.00538207,2.43988e-07,4098
-73.9441,40.5339,-0.523599,3,0.00538198,2.02073e-07,3851
-73.9336,40.5391,4.44137e-07,3,0.000251165,4.00504e-08,4929
-73.947,40.55,2.0944,3,-0.000251199,-5.69705e-08,4399
-73.9451,40.5325,-0.523599,3,0.00538198,2.03194e-07,3866
-73.9522,40.5281,-1.36996e-07,3,1.66344e-07,7.84435e-08,5623
-73.9676,40.5411,2.0944,3,-0.00538202,-2.21588e-07,4277
-73.9662,40.5397,2.61799,3,-0.00538198,-2.86903e-08,2782
-73.9638,40.5224,-1.0472,3,0.00538209,8.23456e-08,2683
-73.9451,40.5508,2.0944,3,-0.000251147,-3.39448e-08,4485
-73.9567,40.5246,-0.523599,3,0.00538207,2.43988e-07,4098
-73.9315,40.5419,-5.0871e-07,3,0.000251171,4.31864e-08,4892
-73.9493,40.5306,-2.35751e-07,3,-0.00538154,-1.91909e-07,5410
-73.9729,40.5333,2.0944,3,-1.24733e-05,-9.02418e-08,4354
-73.9504,40.5292,-2.00192e-07,3,-0.00538133,-8.91979e-08,5413
-73.9304,40.5433,-3.94513e-07,3,0.000251147,3.39451e-08,4877
-73.9211,40.5648,-4.35234e-07,3,0.00538207,2.44592e-07,5819
-73.9665,40.54,2.0944,3,-1.24e-05,-5.05399e-08,4222
-73.9594,40.5491,1.5708,3,-1.43617e-07,-6.85989e-08,5691
-73.9572,40.5495,2.0944,3,-0.000251198,-5.88922e-08,4026
-73.9572,40.5495,2.0944,3,-0.000251198,-5.88922e-08,4026
-73.9469,40.5314,-2.92403e-07,3,6.96356e-08,3.055e-08,5489
-73.9726,40.5329,2.61799,3,-0.00538199,-3.23685e-08,2944
-73.9697,40.5379,2.0944,3,-0.000251156,-3.53298e-08,4261
-73.948,40.53,-2.65776e-07,3,1.83983e-07,8.61795e-08,5498
-73.9563,40.5513,1.5708,3,0.00538141,1.32052e-07,5449
-73.9394,40.5356,-4.55455e-07,3,9.12727e-07,1.48547e-07,5267
-73.9539,40.527,-0.523599,3,0.000251462,1.8786e-07,3983
-73.9539,40.527,-0.523599,3,0.000251462,1.8786e-07,3983
-73.9552,40.5531,1.5708,3,-2.40334e-07,-1.15551e-07,5507
-73.9486,40.5302,-0.523599,3,0.000251614,2.54746e-07,3840
-73.9462,40.531,-0.523599,3,0.00538205,2.35619e-07,3957
-73.9383,40.537,-4.50338e-07,3,6.88275e-07,3.38031e-08,5255
-73.9623,40.5465,2.0944,3,-0.00538189,-1.55473e-07,4173
-73.9372,40.5384,-3.93925e-07,3,6.57335e-07,2.42509e-08,5246
-73.9491,40.5286,-5.71915e-08,3,0.00538133,9.01523e-08,5723
-73.9548,40.5526,2.0944,3,-0.000251375,-1.38376e-07,3873
-73.9462,40.531,-0.523599,3,0.00538205,2.35619e-07,3957
-73.9438,40.5546,2.0944,3,-0.00538182,-1.25222e-07,4405
-73.9634,40.5222,-0.523599,3,1.24198e-05,6.40918e-08,4145
-73.9543,40.5253,-2.25021e-07,3,8.16085e-08,3.31013e-08,5685
-73.958,40.5252,-0.523599,3,0.00538147,1.61045e-07,4186
-73.9556,40.5259,2.93791e-08,3,-1.24073e-05,-5.84355e-08,5761
-73.9623,40.5465,2.0944,3,-0.00538189,-1.55473e-07,4173
-73.9586,40.5482,1.5708,3,0.000251336,1.35271e-07,5841
-73.9438,40.5546,2.0944,3,-0.00538182,-1.25222e-07,4405
-73.9591,40.5487,2.0944,3,-0.000251405,-1.59552e-07,4040
-73.9591,40.5487,2.0944,3,-0.000251405,-1.59552e-07,4040
-73.9613,40.5483,1.5708,3,-2.6449e-07,-1.27036e-07,5741
-73.9681,40.5208,-1.0472,3,0.00538171,6.60233e-08,2841
-73.9404,40.5342,2.02636e-07,3,7.60002e-07,7.44195e-08,5341
-73.957,40.5266,-0.523599,3,0.000251205,6.0165e-08,4105
-73.957,40.5266,-0.523599,3,0.000251205,6.0165e-08,4105
-73.9567,40.5264,-1.0472,3,0.00538209,8.20463e-08,2677
-73.9681,40.5208,-1.0472,3,0.00538171,6.60233e-08,2841
-73.9559,40.528,-0.523599,3,0.000251268,9.05174e-08,4128
-73.9571,40.5523,1.5708,3,-1.4851e-07,-6.8224e-08,5638
-73.9559,40.528,-0.523599,3,0.000251268,9.05174e-08,4128
-73.9577,40.5472,2.0944,3,-0.000251163,-3.92206e-08,4199
-73.9577,40.5472,2.0944,3,-0.000251163,-3.92206e-08,4199
-73.9605,40.5473,1.5708,3,0.00025118,5.89958e-08,5907
-73.9365,40.5381,-0.523599,3,0.00538199,3.23537e-08,3756
-73.9591,40.5238,-0.523599,3,0.000251194,5.44535e-08,4134
-73.9591,40.5238,-0.523599,3,0.000251194,5.44535e-08,4134
-73.9354,40.5395,-0.523599,3,0.00538199,3.24301e-08,3765
-73.9596,40.5463,2.0944,3,-0.000251357,-1.33824e-07,4240
-73.9637,40.5452,1.5708,3,-1.36276e-07,-6.47784e-08,5994
-73.9459,40.5514,2.0944,3,-0.000251146,-3.1177e-08,4551
-73.9376,40.5367,-0.523598,3,0.00538199,3.23748e-08,3789
-73.9495,40.5287,-1.0472,3,0.00538199,3.23936e-08,5903
-73.9719,40.5347,2.0944,3,-1.27416e-05,-2.22571e-07,4536
-73.9539,40.5545,1.5708,3,0.000251174,5.68595e-08,5676
-73.9598,40.5465,2.61799,3,-0.00538209,-8.20713e-08,2809
-73.9615,40.5455,2.0944,3,-0.000251334,-1.22447e-07,4290
-73.9715,40.5343,2.61799,3,-0.00538199,-3.23638e-08,3027
-73.9434,40.5391,-0.523599,3,0.000251121,2.13017e-08,4122
-73.9445,40.5377,-0.523599,3,0.000251345,1.30955e-07,4119
-73.9445,40.5377,-0.523599,3,0.000251345,1.30955e-07,4119
-73.9406,40.536,-4.52809e-07,3,3.42693e-07,1.51554e-07,5608
-73.9651,40.5411,2.61799,3,-0.00538209,-8.20791e-08,2986
-73.9417,40.5346,-3.58353e-07,3,1.49475e-07,5.38921e-08,5620
-73.9428,40.5332,-3.72983e-07,3,1.78522e-07,7.12076e-08,5635
-73.9634,40.5447,2.0944,3,-0.000251191,-5.32243e-08,4310
-73.9399,40.5357,-0.523599,3,0.00538171,6.55619e-08,4007
-73.9655,40.5414,2.0944,3,-1.23657e-05,-3.28916e-08,4448
-73.9388,40.5371,-0.523599,3,0.00538173,7.52066e-08,3994
-73.9399,40.5357,-0.523599,3,0.00538171,6.55619e-08,4007
-73.9378,40.5385,-0.523599,3,0.00538172,7.10446e-08,3985
-73.9302,40.5415,5.29967e-07,3,0.00538199,2.05336e-07,5213
-73.9687,40.5393,2.0944,3,-0.000251197,-5.54691e-08,4473
-73.9388,40.5371,-0.523599,3,0.00538173,7.52066e-08,3994
-73.9378,40.5385,-0.523599,3,0.00538172,7.10446e-08,3985
-73.9665,40.5425,2.0944,3,-0.00538204,-2.27771e-07,4522
-73.9292,40.5429,-6.59955e-07,3,0.00538195,1.85623e-07,5194
-73.9456,40.5363,-0.523599,3,0.000251125,2.31676e-08,4163
-73.9619,40.5232,-1.0472,3,0.00538209,8.26815e-08,2924
-73.9467,40.5349,-0.523599,3,0.000251131,2.61667e-08,4160
-73.9546,40.5522,1.5708,3,-1.34423e-07,-6.48886e-08,5985
-73.9438,40.5318,1.01993e-07,3,2.43794e-07,1.0289e-07,5712
-73.9543,40.5517,2.0944,3,-0.00538133,-9.2935e-08,4346
-73.9594,40.5258,-0.523599,3,1.24349e-05,7.12418e-08,4372
-73.9527,40.5282,-0.523599,3,0.00538202,2.18887e-07,4342
-73.941,40.5343,-0.523599,3,0.00538169,5.92743e-08,4031
-73.941,40.5343,-0.523599,3,0.00538169,5.92743e-08,4031
-73.9583,40.5272,-0.523599,3,1.2554e-05,1.2882e-07,4402
-73.9572,40.5286,-0.523599,3,1.2675e-05,1.89457e-07,4442
-73.9403,40.5395,-0.523599,3,0.000251467,1.83136e-07,4079
-73.9414,40.5381,-0.523599,3,0.000251894,3.91712e-07,4081
-73.9615,40.523,-0.523599,3,1.23875e-05,4.7e-08,4396
-73.9499,40.5306,-0.523599,3,0.000251301,1.0896e-07,4184
-73.9488,40.532,-0.523599,3,0.000251249,8.36613e-08,4196
-73.9509,40.5292,-0.523599,3,0.000251619,2.64526e-07,4178
-73.9281,40.5443,-5.26205e-07,3,0.00538172,7.5524e-08,5281
-73.9548,40.5494,2.0944,3,-0.000251205,-6.00112e-08,4445
-73.9449,40.5528,2.0944,3,-0.000251297,-1.04778e-07,4663
-73.9549,40.5254,-0.523599,3,0.00538206,2.40634e-07,4408
-73.957,40.5519,2.0944,3,-0.00538207,-2.42724e-07,4320
-73.9519,40.5316,-0.523599,3,0.000251165,4.00236e-08,4369
-73.9508,40.533,-0.523599,3,0.000251203,5.81731e-08,4390
-73.9562,40.5509,2.0944,3,-0.00025122,-6.99657e-08,4287
-73.9705,40.5357,2.61799,3,-0.00538199,-3.23838e-08,3229
-73.9708,40.5361,2.0944,3,-1.23885e-05,-4.6787e-08,4677
-73.957,40.5519,2.0944,3,-0.00538207,-2.42724e-07,4320
-73.939,40.5389,-0.523599,3,0.00538203,2.27389e-07,4165
-73.9425,40.5367,-0.523599,3,0.000251438,1.69128e-07,4131
-73.9567,40.5486,2.0944,3,-0.00025115,-3.3187e-08,4470
-73.9473,40.5476,2.0944,3,-1.2395e-05,-5.13573e-08,4980
-73.9436,40.5353,-0.523599,3,0.000251425,1.62476e-07,4137
-73.9356,40.5627,1.5708,3,-0.0053817,-6.13191e-08,6102
-73.9612,40.5479,2.0944,3,-0.00538205,-2.33028e-07,4506
-73.9446,40.5339,-0.523599,3,0.000251374,1.37972e-07,4140
-73.9338,40.5635,1.5708,3,-0.00538173,-7.90244e-08,6077
-73.9338,40.5635,1.5708,3,-0.00538173,-7.90244e-08,6077
-73.939,40.5389,-0.523599,3,0.00538203,2.27389e-07,4165
-73.952,40.5278,-0.523599,3,0.000251146,3.38804e-08,4274
-73.9319,40.5643,1.5708,3,-0.0053817,-6.43113e-08,6054
-73.9319,40.5643,1.5708,3,-0.0053817,-6.43113e-08,6054
-73.9319,40.5643,1.5708,3,-0.0053817,-6.43113e-08,6054
-73.9562,40.526,-0.523599,3,0.000251166,4.07917e-08,4366
-73.9551,40.5274,-0.523599,3,0.000251193,5.40848e-08,4378
-73.9301,40.5651,1.5708,3,-0.00538171,-6.72924e-08,6032
-73.9301,40.5651,1.5708,3,-0.00538171,-6.72924e-08,6032
-73.9301,40.5651,1.5708,3,-0.00538171,-6.72924e-08,6032
-73.9301,40.5651,1.5708,3,-0.00538171,-6.72924e-08,6032
-73.9475,40.5314,-3.19567e-07,3,-0.00538131,-8.27589e-08,5896
-73.9549,40.5273,-1.0472,3,0.00538209,8.18325e-08,2951
-73.9541,40.5288,-0.523599,3,0.000251322,1.16886e-07,4418
-73.9485,40.53,-2.61116e-07,3,-0.00538152,-1.8446e-07,5905
-73.9282,40.5659,1.5708,3,-0.00538171,-6.58883e-08,6019
-73.9282,40.5659,1.5708,3,-0.00538171,-6.58883e-08,6019
-73.9282,40.5659,1.5708,3,-0.00538171,-6.58883e-08,6019
-73.9282,40.5659,1.5708,3,-0.00538171,-6.58883e-08,6019
-73.9282,40.5659,1.5708,3,-0.00538171,-6.58883e-08,6019
-73.958,40.5501,2.0944,3,-0.000251184,-5.23095e-08,4325
-73.9657,40.5416,2.0944,3,-0.00538165,-2.4908e-07,4797
-73.9552,40.5527,1.5708,3,0.00538134,9.78253e-08,5941
-73.9585,40.5477,2.0944,3,-0.000251209,-6.16153e-08,4515
-73.9401,40.5375,-0.523599,3,0.00538198,2.0284e-07,4233
-73.9422,40.5347,-0.523599,3,0.005382,2.09423e-07,4251
-73.9737,40.5311,2.61799,3,-0.00538171,-6.66858e-08,3388
-73.9433,40.5333,-0.523599,3,0.00538193,1.7817e-07,4263
-73.9412,40.5361,-0.523599,3,0.00538198,2.02916e-07,4245
-73.9641,40.5425,2.61799,3,-0.00538201,-4.04633e-08,3138
-73.9401,40.5375,-0.523599,3,0.00538198,2.0284e-07,4233
-73.9737,40.5311,2.61799,3,-0.00538171,-6.66858e-08,3388
-73.9264,40.5667,1.5708,3,-0.0053817,-6.25453e-08,6005
-73.9264,40.5667,1.5708,3,-0.0053817,-6.25453e-08,6005
-73.9264,40.5667,1.5708,3,-0.0053817,-6.25453e-08,6005
-73.9264,40.5667,1.5708,3,-0.0053817,-6.25453e-08,6005
-73.9412,40.5361,-0.523599,3,0.00538198,2.02916e-07,4245
-73.9264,40.5667,1.5708,3,-0.0053817,-6.25453e-08,6005
-73.9264,40.5667,1.5708,3,-0.0053817,-6.25453e-08,6005
-73.9469,40.5473,2.61799,3,-0.00538209,-8.23984e-08,3589
-73.9422,40.5347,-0.523599,3,0.005382,2.09423e-07,4251
-73.9573,40.5246,-0.523599,3,0.000251152,3.32791e-08,4439
-73.9433,40.5333,-0.523599,3,0.00538193,1.7817e-07,4263
-73.9468,40.531,-0.523599,3,0.000251245,7.47394e-08,4181
-73.9477,40.5479,2.61799,3,-0.00538209,-8.12936e-08,3504
-73.9604,40.5469,2.0944,3,-0.000251165,-4.01736e-08,4548
-73.9588,40.5479,2.61799,3,-0.00538209,-8.25997e-08,3021
-73.9676,40.5407,2.0944,3,-0.000251196,-5.5281e-08,4654
-73.9644,40.5428,2.0944,3,-1.23494e-05,-2.82244e-08,4639
-73.9246,40.5675,1.5708,3,-0.00538169,-6.0316e-08,5998
-73.9246,40.5675,1.5708,3,-0.00538169,-6.0316e-08,5998
-73.9246,40.5675,1.5708,3,-0.00538169,-6.0316e-08,5998
-73.9246,40.5675,1.5708,3,-0.00538169,-6.0316e-08,5998
-73.9246,40.5675,1.5708,3,-0.00538169,-6.0316e-08,5998
-73.9246,40.5675,1.5708,3,-0.00538169,-6.0316e-08,5998
-73.9246,40.5675,1.5708,3,-0.00538169,-6.0316e-08,5998
-73.9708,40.5385,2.0944,3,-0.00538205,-2.36999e-07,4842
-73.9623,40.5461,2.0944,3,-0.000251121,-1.89986e-08,4581
-73.9655,40.5439,2.0944,3,-0.00538205,-2.34755e-07,4781
-73.9601,40.524,-1.0472,3,0.00538197,2.34946e-08,3145
-73.947,40.5496,2.0944,3,-1.2745e-05,-2.22949e-07,5076
-73.9694,40.5371,2.61799,3,-0.00538198,-2.82482e-08,3354
-73.9697,40.5375,2.0944,3,-1.3342e-05,-5.15651e-07,4835
-73.9575,40.5266,-0.523599,3,1.23616e-05,3.47994e-08,4630
-73.9427,40.5385,-0.523599,3,0.000251195,5.77225e-08,4458
-73.9467,40.5493,2.61799,3,-0.00538209,-8.19104e-08,3603
-73.9726,40.5325,2.61799,3,-0.0053817,-6.12313e-08,3480
-73.9341,40.5389,-5.21018e-07,3,1.2604e-05,1.55058e-07,5750
-73.9726,40.5325,2.61799,3,-0.0053817,-6.12313e-08,3480
-73.9227,40.5683,1.5708,3,-0.00538171,-6.58349e-08,6000
-73.9227,40.5683,1.5708,3,-0.00538171,-6.58349e-08,6000
-73.9227,40.5683,1.5708,3,-0.00538171,-6.58349e-08,6000
-73.9227,40.5683,1.5708,3,-0.00538171,-6.58349e-08,6000
-73.9227,40.5683,1.5708,3,-0.00538171,-6.58349e-08,6000
-73.9227,40.5683,1.5708,3,-0.00538171,-6.58349e-08,6000
-73.9227,40.5683,1.5708,3,-0.00538171,-6.58349e-08,6000
-73.9375,40.5364,-4.98409e-07,3,1.06731e-06,2.25818e-07,5936
-73.9597,40.5238,-0.523599,3,1.23529e-05,3.04064e-08,4668
-73.9309,40.5431,-4.61382e-07,3,0.000251898,3.93679e-07,5715
-73.9352,40.5374,3.07166e-07,3,1.2784e-05,2.43391e-07,5808
-73.9319,40.5417,-3.57743e-07,3,0.000251196,5.54691e-08,5729
-73.9364,40.5378,-4.03871e-07,3,6.61742e-07,2.75819e-08,5946
-73.933,40.5403,-5.07648e-07,3,1.25351e-05,1.19727e-07,5775
-73.9479,40.5352,-0.523599,3,0.00025115,3.30767e-08,4622
-73.9437,40.5371,-0.523599,3,0.000251146,3.38524e-08,4518
-73.9354,40.5392,-4.82881e-07,3,6.89249e-07,3.93406e-08,5961
-73.9452,40.5529,2.0944,3,-0.00538194,-1.81603e-07,5144
-73.9448,40.5357,-0.523599,3,0.000251157,3.90478e-08,4530
-73.9435,40.549,2.0944,3,-0.000251165,-4.27341e-08,5452
-73.9509,40.529,-0.523599,3,0.00538202,2.22561e-07,4693
-73.9386,40.535,1.29621e-07,3,7.20636e-07,4.76538e-08,6045
-73.9647,40.543,2.0944,3,-0.00538132,-8.38897e-08,4957
-73.9501,40.5324,-0.523599,3,0.000251169,4.22932e-08,4660
-73.949,40.5338,-0.523599,3,0.00025123,7.23007e-08,4671
-73.9556,40.55,2.0944,3,-0.000251138,-2.70461e-08,4730
-73.963,40.5439,2.61799,3,-0.00538199,-3.10565e-08,3338
-73.948,40.5314,-0.523599,3,0.000251523,2.1729e-07,4575
-73.947,40.5328,-0.523599,3,0.000251286,1.01912e-07,4587
-73.9491,40.53,-0.523599,3,0.000251222,7.08172e-08,4578
-73.9318,40.5399,4.57126e-07,3,0.000251172,4.39497e-08,5758
-73.9307,40.5413,-5.90394e-07,3,0.000251167,4.10151e-08,5726
-73.9459,40.551,2.0944,3,-1.23525e-05,-2.92761e-08,5183
-73.953,40.5262,-0.523599,3,0.00538211,2.61938e-07,4785
-73.9533,40.5282,-0.523599,3,0.00025133,1.20752e-07,4700
-73.9543,40.5268,-0.523599,3,0.000251168,4.17856e-08,4689
-73.9665,40.5421,2.0944,3,-0.000251171,-4.31111e-08,4856
-73.9575,40.5491,2.0944,3,-0.000251356,-1.33381e-07,4789
-73.9456,40.5507,2.61799,3,-0.00538209,-8.21428e-08,3703
-73.9522,40.5296,-0.523599,3,0.000251122,1.90482e-08,4733
-73.9551,40.5523,2.0944,3,-0.000251563,-2.36532e-07,4602
-73.9634,40.5442,2.0944,3,-1.24691e-05,-8.67835e-08,4847
-73.9602,40.5493,2.0944,3,-0.00538191,-1.68068e-07,4812
-73.953,40.5281,-1.0472,3,0.00538209,8.17845e-08,3234
-73.9715,40.5339,2.61799,3,-0.00538171,-6.78209e-08,3658
-73.9346,40.5389,-0.523599,3,0.00538199,3.24072e-08,4281
-73.9715,40.5339,2.61799,3,-0.00538171,-6.78209e-08,3658
-73.9683,40.5385,2.61799,3,-0.00538199,-3.21537e-08,3528
-73.9697,40.5399,2.0944,3,-0.00538206,-2.41053e-07,5129
-73.9396,40.5389,-0.523599,3,0.000251375,1.38454e-07,4502
-73.9325,40.5417,-0.523599,3,0.00538209,8.25273e-08,4242
-73.9296,40.5427,-5.54294e-07,3,0.000251368,1.38641e-07,5781
-73.9687,40.5389,2.0944,3,-1.26161e-05,-1.59644e-07,5067
-73.9285,40.5441,-3.90596e-07,3,0.0053813,7.57095e-08,5900
-73.9336,40.5403,-0.523599,3,0.00538199,3.2398e-08,4295
-73.9359,40.5393,-0.523599,3,0.00538198,2.97199e-08,4411
-73.9478,40.5294,-0.523599,3,0.00538203,2.25929e-07,4717
-73.9554,40.5254,-0.523599,3,0.00025115,3.32081e-08,4771
-73.9594,40.5483,2.0944,3,-0.000251166,-4.07019e-08,4816
-73.9357,40.5375,-0.523598,3,0.00538199,3.2372e-08,4327
-73.9577,40.5493,2.61799,3,-0.00538209,-8.24026e-08,3284
-73.9719,40.5367,2.0944,3,-0.00025114,-2.73354e-08,5101
-73.957,40.5515,2.0944,3,-0.000251374,-1.44815e-07,4645
-73.9559,40.5533,2.0944,3,-0.00538208,-2.48574e-07,4713
-73.938,40.5365,-0.523599,3,0.0053817,6.2335e-08,4478
-73.9583,40.5229,-0.523599,3,0.00538185,1.39565e-07,4931
-73.937,40.5379,-0.523599,3,0.00538176,9.24219e-08,4466
-73.9441,40.5543,2.0944,3,-0.00538207,-2.46687e-07,5262
-73.9407,40.5375,-0.523599,3,0.000251724,3.08502e-07,4557
-73.9644,40.5453,2.0944,3,-0.00538187,-1.46989e-07,5024
-73.9417,40.5361,-0.523599,3,0.000251332,1.16583e-07,4563
-73.9612,40.5475,2.0944,3,-0.000251145,-3.06404e-08,4826
-73.9428,40.5347,-0.523599,3,0.000251754,3.23106e-07,4569
-73.9439,40.5333,-0.523599,3,0.000251687,2.90634e-07,4572
-73.9583,40.5248,-1.0472,3,0.005382,3.9123e-08,3410
-73.9459,40.5535,2.0944,3,-0.00538202,-2.2103e-07,5253
-73.9391,40.5351,-0.523598,3,0.00538169,6.02814e-08,4541
-73.9439,40.5389,-0.523599,3,0.000251198,5.64607e-08,4859
-73.9578,40.5246,-0.523599,3,1.26187e-05,1.5933e-07,4935
-73.9705,40.5353,2.61799,3,-0.00538171,-6.74072e-08,3776
-73.9636,40.5444,2.0944,3,-0.00538133,-8.94796e-08,5241
-73.9607,40.5221,-0.523599,3,0.000251187,5.24552e-08,4977
-73.9414,40.5341,-0.523599,3,0.00538198,2.02743e-07,4760
-73.9404,40.5355,-0.523599,3,0.00538202,2.21562e-07,4748
-73.9393,40.5369,-0.523599,3,0.00538198,2.03115e-07,4736
-73.962,40.5453,2.61799,3,-0.00538201,-4.04274e-08,3570
-73.9382,40.5383,-0.523599,3,0.00538205,2.35872e-07,4723
-73.945,40.5375,-0.523599,3,0.000251303,1.07712e-07,4913
-73.9462,40.551,2.0944,3,-0.000251156,-3.531e-08,5444
-73.9461,40.5361,-0.523599,3,0.000251354,1.32453e-07,4895
-73.9673,40.5399,2.61799,3,-0.00538199,-3.22538e-08,3721
-73.9408,40.5393,-0.523599,3,0.000251297,1.06909e-07,4819
-73.9655,40.5435,2.0944,3,-0.000251201,-5.75345e-08,5159
-73.9676,40.5403,2.0944,3,-1.2527e-05,-1.17162e-07,5291
-73.9425,40.5327,-0.523599,3,0.00538202,2.20383e-07,4804
-73.9545,40.5514,2.0944,3,-0.000251254,-8.34228e-08,4974
-73.9472,40.5346,-0.523599,3,0.000251301,1.06716e-07,4938
-73.9708,40.5381,2.0944,3,-0.00025132,-1.1536e-07,5324
-73.9623,40.5456,2.0944,3,-1.27551e-05,-2.27743e-07,5153
-73.9687,40.5413,2.0944,3,-0.00538201,-2.14101e-07,5368
-73.9482,40.5332,-0.523599,3,0.000251138,2.7301e-08,4950
-73.949,40.5298,-0.523599,3,0.00538205,2.34512e-07,5084
-73.9419,40.5379,-0.523599,3,0.00025114,3.04446e-08,4844
-73.943,40.5365,-0.523599,3,0.00025124,7.9322e-08,4850
-73.9564,40.5505,2.0944,3,-0.000251177,-4.53337e-08,5064
-73.9635,40.5216,-1.0472,3,0.00538199,3.23978e-08,3713
-73.9514,40.529,-0.523599,3,0.000251204,5.92967e-08,5014
-73.9525,40.5276,-0.523599,3,0.000251134,2.52096e-08,5012
-73.9504,40.5304,-0.523599,3,0.000251143,2.94728e-08,5052
-73.9181,40.5671,-3.59901e-07,3,0.00538169,6.03879e-08,6122
-73.9512,40.5289,-1.0472,3,0.00538209,8.21717e-08,3544
-73.9451,40.5525,2.0944,3,-0.000251198,-5.60221e-08,5599
-73.9564,40.5238,-0.523599,3,0.00538206,2.38304e-07,5263
-73.9512,40.527,-0.523599,3,0.00538202,2.18934e-07,5149
-73.9694,40.5367,2.61799,3,-0.00538171,-6.66975e-08,3932
-73.947,40.5516,2.0944,3,-0.000251148,-3.43675e-08,5540
-73.9449,40.5549,2.0944,3,-0.00538205,-2.36998e-07,5476
-73.9462,40.5322,-0.523599,3,0.000251605,2.569e-07,4904
-73.9451,40.5336,-0.523599,3,0.000251747,3.26772e-07,4910
-73.9583,40.5497,2.0944,3,-0.000251163,-4.1485e-08,5137
-73.9473,40.5308,-0.523599,3,0.000251729,3.17875e-07,4916
-73.9726,40.5346,2.61799,3,-0.00538199,-3.2383e-08,3966
-73.9631,40.5213,-0.523599,3,1.30738e-05,3.84823e-07,5303
-73.9729,40.5349,2.0944,3,-1.29187e-05,-3.08286e-07,5578
-73.9566,40.5507,2.61799,3,-0.00538209,-8.17974e-08,3586
-73.9536,40.5262,-0.523599,3,0.000251198,5.63762e-08,5113
-73.9634,40.5467,2.0944,3,-0.00538204,-2.32388e-07,5356
-73.9564,40.5256,-1.0472,3,0.00538201,4.42605e-08,3692
-73.9602,40.5489,2.0944,3,-0.000251203,-5.89667e-08,5168
-73.9448,40.5317,-0.523599,3,0.00538206,2.41023e-07,5098
-73.9483,40.5294,-0.523599,3,0.000251146,3.38989e-08,4991
-73.9559,40.5529,2.0944,3,-0.000251417,-1.65565e-07,5006
-73.9588,40.523,-0.523599,3,0.000251148,3.15656e-08,5286
-73.9662,40.5413,2.61799,3,-0.00538199,-3.23267e-08,3889
-73.9626,40.5458,2.0944,3,-0.00538135,-1.01209e-07,5547
-73.9459,40.5302,-0.523599,3,0.00538208,2.48324e-07,5155
-73.9609,40.5467,2.61799,3,-0.00538201,-4.37205e-08,3783
-73.9665,40.5417,2.0944,3,-1.26662e-05,-1.83769e-07,5525
-73.9697,40.5395,2.0944,3,-0.000251121,-1.85673e-08,5555
-73.956,40.5254,-0.523599,3,1.26044e-05,1.55005e-07,5309
-73.9548,40.5547,2.0944,3,-0.00538204,-2.28622e-07,5146
-73.9644,40.5449,2.0944,3,-0.000251165,-4.00162e-08,5433
-73.9676,40.5427,2.0944,3,-0.00538205,-2.33226e-07,5707
-73.9683,40.5381,2.61799,3,-0.00538171,-6.81893e-08,4071
-73.9617,40.5224,-1.0472,3,0.00538199,3.23694e-08,3893
-73.9659,40.5208,-1.0472,3,0.00538171,6.77238e-08,4013
-73.9659,40.5208,-1.0472,3,0.00538171,6.77238e-08,4013
-73.9612,40.547,2.0944,3,-1.23779e-05,-3.5774e-08,5436
-73.9715,40.536,2.61799,3,-0.00538199,-3.23456e-08,4094
-73.9388,40.5383,-0.523599,3,0.000251208,5.66173e-08,4962
-73.9399,40.5369,-0.523599,3,0.000251483,1.90777e-07,4971
-73.9409,40.5355,-0.523599,3,0.00025146,1.79582e-07,4982
-73.942,40.5341,-0.523599,3,0.000251227,6.59273e-08,4988
-73.9442,40.5469,2.61799,3,-0.00538209,-8.24083e-08,4643
-73.9432,40.5383,-0.523599,3,0.000251226,6.96928e-08,5321
-73.9719,40.5363,2.0944,3,-1.26357e-05,-1.7089e-07,5802
-73.9442,40.5369,-0.523599,3,0.000251182,4.84101e-08,5318
-73.9459,40.553,2.0944,3,-0.000251186,-5.01542e-08,5772
-73.9655,40.5205,-0.523599,3,9.40744e-07,1.70381e-07,5700
-73.9612,40.5222,-0.523599,3,1.26027e-05,1.54853e-07,5572
-73.9431,40.5327,-0.523599,3,0.000251461,1.80288e-07,5104
-73.9453,40.5354,-0.523599,3,0.000251136,2.61104e-08,5364
-73.9464,40.534,-0.523599,3,0.000251193,5.39764e-08,5361
-73.9524,40.5274,-0.523599,3,0.00538205,2.34888e-07,5622
-73.9469,40.5489,2.61799,3,-0.00538199,-3.23959e-08,4422
-73.9362,40.5373,-0.523599,3,0.00538172,7.093e-08,4999
-73.934,40.5401,-0.523599,3,0.00538199,3.23811e-08,4952
-73.9578,40.5488,2.0944,3,-0.00538164,-2.42227e-07,5791
-73.9543,40.5538,2.0944,3,-0.00538201,-2.18022e-07,5438
-73.9351,40.5387,-0.523599,3,0.00538176,9.18831e-08,5016
-73.9554,40.5519,2.0944,3,-0.000251138,-2.72414e-08,5403
-73.9328,40.5397,-0.523599,3,0.00538199,3.23867e-08,4873
-73.9373,40.5359,-0.523598,3,0.00538172,7.17796e-08,5106
-73.9485,40.5312,-0.523599,3,0.000251153,3.39713e-08,5406
-73.9496,40.5298,-0.523599,3,0.000251168,4.18416e-08,5409
-73.9651,40.5427,2.61799,3,-0.00538199,-3.24026e-08,4085
-73.9472,40.5306,-0.523599,3,0.00538202,2.20875e-07,5488
-73.9507,40.5284,-0.523599,3,0.000251144,2.98155e-08,5412
-73.9339,40.5383,-0.523598,3,0.00538199,3.23456e-08,4928
-73.9559,40.5252,-0.523599,3,0.0053821,2.66519e-07,5760
-73.9546,40.5246,-0.523599,3,0.00538199,2.04859e-07,5684
-73.9548,40.5266,-0.523599,3,0.00025116,3.71209e-08,5617
-73.9477,40.5495,2.61799,3,-0.00538199,-3.23574e-08,4400
-73.9493,40.5297,-1.0472,3,0.00538209,8.17435e-08,3839
-73.9317,40.5411,-0.523599,3,0.00538199,3.23977e-08,4891
-73.9572,40.5511,2.0944,3,-0.00025123,-7.21221e-08,5450
-73.9396,40.5349,-0.523599,3,0.00538184,1.32029e-07,5266
-73.9411,40.5373,-0.523599,3,0.000251696,3.01935e-07,5330
-73.9546,40.5264,-1.0472,3,0.00538209,8.26774e-08,3982
-73.9401,40.5387,-0.523599,3,0.000251314,1.15642e-07,5333
-73.9687,40.5409,2.0944,3,-0.00025114,-2.75239e-08,5847
-73.9385,40.5363,-0.523599,3,0.00538197,1.95069e-07,5254
-73.9306,40.5426,-0.523599,3,0.00538201,4.38073e-08,4876
-73.9623,40.5481,2.0944,3,-0.00538203,-2.23621e-07,5742
-73.9655,40.5431,2.0944,3,-1.24086e-05,-5.95714e-08,5835
-73.9375,40.5377,-0.523599,3,0.00538204,2.29229e-07,5245
-73.9737,40.5327,2.61799,3,-0.00538171,-6.58512e-08,4355
-73.9556,40.5521,2.61799,3,-0.00538208,-7.71451e-08,3874
-73.9673,40.5395,2.61799,3,-0.00538171,-6.84637e-08,4223
-73.9364,40.5391,-0.523599,3,0.00538204,2.29052e-07,5231
-73.9641,40.5216,-1.0472,3,0.0053817,6.20473e-08,4144
-73.9517,40.527,-0.523599,3,0.00025115,3.32907e-08,5478
-73.9705,40.5374,2.61799,3,-0.00538199,-3.23329e-08,4262
-73.9615,40.5472,2.0944,3,-0.00538133,-9.22757e-08,5908
-73.9641,40.5216,-1.0472,3,0.0053817,6.20473e-08,4144
-73.957,40.5238,-0.523599,3,0.000251174,4.39279e-08,5682
-73.958,40.5521,2.0944,3,-0.00538199,-2.07093e-07,5639
-73.9407,40.5335,-0.523599,3,0.00538199,2.03483e-07,5340
-73.9598,40.5481,2.61799,3,-0.00538209,-8.2525e-08,4041
-73.9591,40.5503,2.0944,3,-0.000251181,-4.80086e-08,5569
-73.9443,40.5331,-0.523599,3,0.000251335,1.2591e-07,5382
-73.9433,40.5345,-0.523599,3,0.000251341,1.29068e-07,5385
-73.9454,40.5317,-0.523599,3,0.000251322,1.19273e-07,5391
-73.9449,40.5544,2.0944,3,-0.000251193,-5.35501e-08,6073
-73.9542,40.5262,-0.523599,3,1.24641e-05,8.11731e-08,5721
-73.9634,40.5463,2.0944,3,-0.00025117,-4.26198e-08,5793
-73.9598,40.5232,-1.0472,3,0.00538199,3.24489e-08,4133
-73.9465,40.5302,-0.523599,3,0.00025127,9.41517e-08,5447
-73.9572,40.5258,-0.523599,3,1.24294e-05,6.91186e-08,5883
-73.9562,40.5272,-0.523599,3,1.25986e-05,1.49184e-07,5916
-73.9549,40.5543,2.0944,3,-0.0053813,-7.57954e-08,5677
-73.9602,40.5484,2.0944,3,-1.24375e-05,-6.81148e-08,5814
-73.9467,40.5509,2.61799,3,-0.00538199,-3.23837e-08,4552
-73.9594,40.523,-0.523599,3,1.23763e-05,4.12847e-08,5952
-73.9726,40.5341,2.61799,3,-0.00538171,-6.56239e-08,4537
-73.9689,40.5202,-1.0472,3,0.000251327,1.15043e-07,4305
-73.9641,40.5442,2.61799,3,-0.00538199,-3.24543e-08,4311
-73.9441,40.531,-0.523599,3,0.00538172,7.56206e-08,5711
-73.9413,40.5391,-0.523599,3,0.000251198,5.63203e-08,5732
-73.9424,40.5377,-0.523599,3,0.000251148,3.18752e-08,5735
-73.9662,40.5409,2.61799,3,-0.00538171,-6.86031e-08,4449
-73.9694,40.5388,2.61799,3,-0.00538199,-3.24232e-08,4474
-73.9435,40.5363,-0.523599,3,0.000251148,3.22662e-08,5817
-73.9445,40.5349,-0.523599,3,0.000251201,5.81075e-08,5823
-73.9622,40.5224,-1.0472,3,0.00538171,6.74069e-08,4395
-73.9456,40.5523,2.61799,3,-0.00538218,-1.25284e-07,4664
-73.9402,40.5349,-0.523599,3,0.00025146,1.7964e-07,5584
-73.9527,40.5273,-1.0472,3,0.00538209,8.22137e-08,4273
-73.9391,40.5363,-0.523599,3,0.00025139,1.45384e-07,5566
-73.938,40.5377,-0.523599,3,0.000251275,8.93134e-08,5558
-73.9477,40.5306,-0.523599,3,0.000251182,4.854e-08,5895
-73.9467,40.532,-0.523599,3,0.000251319,1.15752e-07,5902
-73.9488,40.5292,-0.523599,3,0.000251352,1.30976e-07,5904
-73.9715,40.5355,2.61799,3,-0.00538171,-6.77764e-08,4678
-73.9562,40.5525,2.0944,3,-0.00025135,-1.30768e-07,5942
-73.9588,40.5495,2.61799,3,-0.00538199,-3.24539e-08,4326
-73.9475,40.5305,-1.0472,3,0.00538209,8.24412e-08,4180
-73.9413,40.5335,-0.523599,3,0.000251376,1.38762e-07,5679
-73.958,40.524,-1.0472,3,0.00538199,3.23925e-08,4438
-73.958,40.5517,2.0944,3,-0.0002512,-5.76445e-08,6051
-73.954,40.5472,2.61799,3,-0.00538171,-6.74458e-08,4800
-73.9651,40.5423,2.61799,3,-0.00538171,-6.7573e-08,4640
-73.9683,40.5402,2.61799,3,-0.00538209,-8.00056e-08,4655
-73.9393,40.5381,-0.523599,3,0.000251146,3.37816e-08,5853
-73.963,40.5456,2.61799,3,-0.00538209,-8.06697e-08,4582
-73.955,40.5303,-1.0472,3,0.00538171,6.93965e-08,4635
-73.9425,40.5339,-0.523599,3,0.000251341,1.28565e-07,5973
-73.9436,40.5325,-0.523599,3,0.00025127,9.39418e-08,5979
-73.9414,40.5353,-0.523599,3,0.000251328,1.22151e-07,5976
-73.9477,40.549,2.61799,3,-0.0053817,-6.41238e-08,5077
-73.9705,40.5369,2.61799,3,-0.00538169,-6.02458e-08,4836
-73.9344,40.5381,-0.523599,3,0.00538171,6.54987e-08,5749
-73.9378,40.5357,-0.523599,3,0.00538198,2.01196e-07,5935
-73.9604,40.5232,-1.0472,3,0.00538171,6.73154e-08,4667
-73.9345,40.5399,-0.523599,3,0.00538199,3.23572e-08,5873
-73.9744,40.5305,2.61799,3,-0.000251261,-8.28475e-08,4862
-73.9367,40.5371,-0.523599,3,0.00538198,2.02709e-07,5945
-73.9354,40.5367,-0.523598,3,0.00538169,6.02027e-08,5807
-73.9311,40.5423,-0.523599,3,0.00538203,5.42702e-08,5714
-73.9333,40.5395,-0.523599,3,0.00538173,7.82641e-08,5774
-73.9322,40.5409,-0.523599,3,0.00538199,3.24401e-08,5728
-73.9356,40.5385,-0.523599,3,0.00538203,2.25352e-07,5960
-73.9388,40.5343,-0.523599,3,0.00538209,2.54826e-07,6044
-73.9442,40.5485,2.61799,3,-0.00538209,-8.19376e-08,5453
-73.932,40.5391,-0.523598,3,0.00538199,3.2417e-08,5757
-73.931,40.5405,-0.523599,3,0.00538199,3.24029e-08,5725
-73.9467,40.5504,2.61799,3,-0.00538171,-6.76619e-08,5184
-73.9673,40.5416,2.61799,3,-0.00538199,-3.23701e-08,4857
-73.9641,40.5437,2.61799,3,-0.00538171,-6.73307e-08,4848
-73.9509,40.5281,-1.0472,3,0.00538209,8.25625e-08,4611
-73.9734,40.5319,2.61799,3,-0.00025187,-3.79593e-07,5049
-73.9561,40.5248,-1.0472,3,0.00538199,3.23698e-08,4770
-73.9577,40.5509,2.61799,3,-0.00538208,-7.56248e-08,4646
-73.9299,40.5419,-0.523599,3,0.00538199,3.24356e-08,5780
-73.9694,40.5383,2.61799,3,-0.00538171,-6.578e-08,5068
-73.9726,40.5362,2.61799,3,-0.00538199,-3.34487e-08,5102
-73.9532,40.5311,-1.0472,3,0.00538172,7.41377e-08,4867
-73.962,40.547,2.61799,3,-0.00538199,-3.24539e-08,4827
-73.9456,40.5313,-1.0472,3,0.00538209,8.19966e-08,4610
-73.9585,40.524,-1.0472,3,0.00538171,6.76239e-08,4934
-73.9723,40.5333,2.61799,3,-0.000251337,-1.19049e-07,5189
-73.9614,40.5216,-1.0472,3,0.00538199,3.24082e-08,4976
-73.9469,40.5505,2.61799,3,-0.00538199,-3.24253e-08,5445
-73.9662,40.543,2.61799,3,-0.00538199,-3.2412e-08,5160
-73.9683,40.5397,2.61799,3,-0.00538171,-6.56247e-08,5292
-73.963,40.5451,2.61799,3,-0.0053817,-6.23015e-08,5154
-73.9715,40.5376,2.61799,3,-0.00538199,-3.23287e-08,5325
-73.9712,40.5347,2.61799,3,-0.000251596,-2.4534e-07,5373
-73.9543,40.5256,-1.0472,3,0.00538199,3.23826e-08,5112
-73.9638,40.5208,-1.0472,3,0.00538169,5.9493e-08,5302
-73.9513,40.5319,-1.0472,3,0.00538171,6.56806e-08,5191
-73.9477,40.5511,2.61799,3,-0.00538204,-5.88245e-08,5541
-73.9737,40.5343,2.61799,3,-0.00538171,-6.56409e-08,5579
-73.949,40.5289,-1.0472,3,0.00538209,8.25821e-08,4990
-73.9609,40.5484,2.61799,3,-0.00538199,-3.24387e-08,5169
-73.9566,40.5523,2.61799,3,-0.00538209,-8.20933e-08,5007
-73.9595,40.5224,-1.0472,3,0.00538199,3.24048e-08,5285
-73.9567,40.5248,-1.0472,3,0.00538171,6.63173e-08,5308
-73.9673,40.5411,2.61799,3,-0.00538171,-6.7259e-08,5526
-73.9705,40.539,2.61799,3,-0.00538199,-3.2337e-08,5556
-73.9702,40.5361,2.61799,3,-0.000251204,-5.3844e-08,5587
-73.9651,40.5444,2.61799,3,-0.00538199,-3.24942e-08,5434
-73.962,40.5465,2.61799,3,-0.00538171,-6.5676e-08,5437
-73.9438,40.5321,-1.0472,3,0.00538209,8.22219e-08,5103
-73.9726,40.5357,2.61799,3,-0.00538169,-5.91116e-08,5803
-73.9467,40.5525,2.61799,3,-0.00538199,-3.23301e-08,5773
-73.9619,40.5216,-1.0472,3,0.00538173,7.53794e-08,5571
-73.9662,40.52,-1.0472,3,0.00538198,2.01836e-07,5699
-73.9514,40.5279,-1.0472,3,0.00538199,3.23534e-08,5411
-73.9698,40.52,-1.5708,3,0.00538209,8.21212e-08,4304
-73.9667,40.5202,-1.0472,3,0.000251842,3.66267e-07,5671
-73.9495,40.5327,-1.0472,3,0.00538171,6.78739e-08,5592
-73.9691,40.5375,2.61799,3,-0.000251269,-8.55009e-08,5787
-73.9524,40.5264,-1.0472,3,0.00538199,3.24192e-08,5477
-73.9694,40.5404,2.61799,3,-0.00538211,-9.2721e-08,5848
-73.9662,40.5425,2.61799,3,-0.00538174,-8.36552e-08,5836
-73.9577,40.5232,-1.0472,3,0.00538199,3.24299e-08,5681
-73.9598,40.5498,2.61799,3,-0.00538199,-3.23426e-08,5570
-73.9549,40.5256,-1.0472,3,0.00538171,6.80535e-08,5720
-73.9472,40.5297,-1.0472,3,0.00538209,8.26162e-08,5446
-73.9456,40.5539,2.61799,3,-0.00538199,-3.24541e-08,6074
-73.9641,40.5458,2.61799,3,-0.00538199,-3.24208e-08,5794
-73.9609,40.5479,2.61799,3,-0.00538176,-9.17695e-08,5815
-73.9649,40.521,-1.0472,3,0.000251243,7.3177e-08,5871
-73.9681,40.5389,2.61799,3,-0.000251501,-1.99064e-07,6126
-73.9601,40.5224,-1.0472,3,0.00538171,6.75607e-08,5951
-73.9476,40.5335,-1.0472,3,0.00538171,6.74554e-08,6011
-73.9495,40.5287,-1.0472,3,0.00538199,3.23936e-08,5903
-73.942,40.5329,-1.0472,3,0.00538209,8.1927e-08,5678
-73.9747,40.5298,3.14159,3,-0.00538209,-8.23563e-08,4863
-73.9506,40.5273,-1.0472,3,0.00538199,3.24281e-08,6028
-73.9588,40.5512,2.61799,3,-0.00538199,-3.23827e-08,6052
-73.9443,40.5319,-1.0472,3,0.005382,3.91195e-08,5978
-73.9677,40.52,-1.5708,3,0.00538209,8.20161e-08,5670
